year,GEOID10,statefp,state_place,tract,state,county,POP,NHWHITE,NHBLACK,NATIVE,ASIAN,HISPANIC,NONWHITE,NHWHITE_PR,NHBLACK_PR,NATIVE_PR,ASIAN_PR,HISPANIC_PR,OTHER_PR,entropy,divergence
2000-01-31,06075016500,06,0667000,Census Tract 165,CA,San Francisco County,5121,3312,712,38,662,352,1764,0.6467486818980668,0.13903534465924625,0.007420425698105838,0.12927162663542277,0.06873657488771724,0.008787346221441061,1.041067531340576,0.1521623339080228
2000-01-31,06075016300,06,0667000,Census Tract 163,CA,San Francisco County,4521,2239,1406,36,367,418,2227,0.49524441495244415,0.3109931431099314,0.007962840079628402,0.08117673081176731,0.09245742092457421,0.012165450121654486,1.1737162979704097,0.10464334008650125
2000-01-31,06075016100,06,0667000,Census Tract 161,CA,San Francisco County,5257,1313,2772,26,776,323,3897,0.2497622217995054,0.5272969374167776,0.0049457865702872365,0.14761270686703443,0.06144188700779912,0.008940460338596301,1.164014815385077,0.348723801424498
2000-01-31,06075015900,06,0667000,Census Tract 159,CA,San Francisco County,4165,1699,767,17,1297,318,2399,0.4079231692677071,0.18415366146458584,0.004081632653061225,0.3114045618247299,0.07635054021608643,0.01608643457382941,1.259524048920501,0.1980301275834297
2000-01-31,06075015700,06,0667000,Census Tract 157,CA,San Francisco County,6875,3823,551,36,1816,567,2970,0.5560727272727273,0.08014545454545455,0.005236363636363636,0.26414545454545457,0.08247272727272727,0.011927272727272786,1.1135550853206109,0.20926045131876864
2000-01-31,06075015600,06,0667000,Census Tract 156,CA,San Francisco County,2821,1544,108,13,967,164,1252,0.5473236440978376,0.03828429634881248,0.004608294930875576,0.3427862460120525,0.058135412974122655,0.0088621056362993,1.011980665897147,0.37000243909943403
2000-01-31,06075015500,06,0667000,Census Tract 155,CA,San Francisco County,3591,1594,647,16,1109,196,1968,0.44388749651907544,0.18017265385686437,0.004455583402951824,0.3088276246170983,0.05458089668615984,0.008075744917850347,1.2150151184490376,0.23258173148318909
2000-01-31,06075015400,06,0667000,Census Tract 154,CA,San Francisco County,5762,3731,318,26,1325,312,1981,0.647518222839292,0.055189170426935094,0.004512322110378341,0.22995487677889623,0.05414786532454009,0.008677542519958337,0.9615714510164793,0.27906295859208613
2000-01-31,06075015300,06,0667000,Census Tract 153,CA,San Francisco County,2114,1376,284,17,286,113,700,0.6508987701040682,0.13434247871333965,0.00804162724692526,0.13528855250709557,0.05345316934720908,0.01797540208136217,1.0151420076473907,0.1693632859933719
2000-01-31,06075015200,06,0667000,Census Tract 152,CA,San Francisco County,3857,2526,206,18,908,162,1294,0.6549131449312937,0.05340938553279751,0.00466683951257454,0.23541612652320457,0.04200155561317086,0.009592947886958858,0.9323720764099721,0.3075861699115276
2000-01-31,06075013500,06,0667000,Census Tract 135,CA,San Francisco County,2666,2120,56,16,340,110,522,0.795198799699925,0.021005251312828207,0.006001500375093774,0.1275318829707427,0.04126031507876969,0.009002250562640701,0.6882449313720329,0.3864673710724519
2000-01-31,06075013400,06,0667000,Census Tract 134,CA,San Francisco County,3665,3006,113,14,377,140,644,0.8201909959072305,0.030832196452933152,0.003819918144611187,0.10286493860845838,0.03819918144611187,0.004092769440654953,0.6497831615137235,0.39165125710510434
2000-01-31,06075013200,06,0667000,Census Tract 132,CA,San Francisco County,4436,3772,58,19,434,135,646,0.8503155996393147,0.013074842200180343,0.004283137962128043,0.09783588818755636,0.03043282236248873,0.004057709648331853,0.5516339218213144,0.4668099502661716
2000-01-31,06075013000,06,0667000,Census Tract 130,CA,San Francisco County,4130,3450,28,14,444,157,643,0.8353510895883777,0.006779661016949152,0.003389830508474576,0.10750605326876514,0.03801452784503632,0.008958837772397144,0.567476936553844,0.4547621073671378
2000-01-31,06075012800,06,0667000,Census Tract 128,CA,San Francisco County,4207.284009,3551.551514,20.99143791,17.99266052,425.8263245,153.9372101,618.74763303,0.8441435154847423,0.004989308509978462,0.004276550021703087,0.10121168991422846,0.03658826211178177,0.008790673957565831,0.5456626048898959,0.47019466281766314
2000-01-31,06075012700,06,0667000,Census Tract 127,CA,San Francisco County,3498.715898,2954.448465,14.00856115,16.00733813,374.173669,123.0627817,527.25234998,0.844437945558505,0.0040039150243687495,0.004575203759513714,0.10694599959199089,0.035173699519400074,0.004863236546221561,0.5463444734130131,0.48042145574969874
2000-01-31,06075012000,06,0667000,Census Tract 120,CA,San Francisco County,3972,2044,162,54,1171,475,1862,0.5146022155085599,0.04078549848942598,0.013595166163141994,0.2948136958710977,0.11958710976837865,0.016616314199395688,1.144861809234091,0.24352162308074346
2000-01-31,06075011800,06,0667000,Census Tract 118,CA,San Francisco County,1528,130,12,3,1370,10,1395,0.08507853403141362,0.007853403141361256,0.001963350785340314,0.8965968586387435,0.006544502617801047,0.0019633507853402676,0.3907263330457199,1.6803363891260994
2000-01-31,06075011300,06,0667000,Census Tract 113,CA,San Francisco County,3264,424,48,9,2703,69,2829,0.12990196078431374,0.014705882352941176,0.0027573529411764708,0.828125,0.021139705882352942,0.00337009803921573,0.5811331869732967,1.4133976170510856
2000-01-31,06075011200,06,0667000,Census Tract 112,CA,San Francisco County,3700,2108,54,17,1397,102,1570,0.5697297297297297,0.014594594594594595,0.0045945945945945945,0.37756756756756754,0.027567567567567567,0.005945945945945996,0.8737023537846862,0.5221309810317728
2000-01-31,06075011100,06,0667000,Census Tract 111,CA,San Francisco County,5559,2679,146,44,2323,327,2840,0.4819212088505127,0.02626371649577262,0.007915092642561612,0.4178809138334233,0.058823529411764705,0.007195538765965015,1.0169650920574398,0.4742201044687819
2000-01-31,06075011000,06,0667000,Census Tract 110,CA,San Francisco County,5037.266357,1925.778745,80.13392012,22.04769758,2849.867544,141.3577318,3093.4068935000005,0.38230631626692835,0.01590821577434405,0.004376917164477828,0.5657567700464563,0.028062389753038028,0.003589390994755526,0.8797736809096792,0.772534690521543
2000-01-31,06075010900,06,0667000,Census Tract 109,CA,San Francisco County,4497.73369,3144.221191,72.86608124,25.95230293,1016.132446,194.6422729,1309.59310307,0.6990678878988943,0.016200621526793864,0.0057700843844313955,0.22592098955507522,0.043275633088894594,0.009764783545910594,0.8187729919171713,0.38435532496595204
2000-01-31,06075010800,06,0667000,Census Tract 108,CA,San Francisco County,5130,2018,56,32,2865,132,3085,0.39337231968810915,0.01091617933723197,0.0062378167641325534,0.5584795321637427,0.025730994152046785,0.0052631578947367474,0.8675121152335112,0.7770803119933505
2000-01-31,06075010700,06,0667000,Census Tract 107,CA,San Francisco County,5634,744,72,22,4638,136,4868,0.13205537806176784,0.012779552715654952,0.0039048633297834577,0.8232161874334398,0.024139155129570464,0.003904863329783459,0.5947606453811628,1.3981897435125217
2000-01-31,06075980501,06,0667000,Census Tract 9805.01,CA,San Francisco County,412,16,68,0,229,89,386,0.038834951456310676,0.1650485436893204,0,0.5558252427184466,0.21601941747572814,0.024271844660194164,1.0809525903170303,0.7410689645840313
2000-01-31,06075980200,06,0667000,Census Tract 9802,CA,San Francisco County,231,148,21,5,37,19,82,0.6406926406926406,0.09090909090909091,0.021645021645021644,0.16017316017316016,0.08225108225108226,0.0043290043290042934,1.0850138215435603,0.18967402656860155
2000-01-31,06075012302,06,0667000,Census Tract 123.02,CA,San Francisco County,3070.00008,1228,343.3650513,38.59146118,1021.684143,401.7469788,1805.3876342800002,0.39999998957654753,0.11184529066852664,0.012570508200117052,0.3327961291128045,0.13086220466808587,0.011925877773918403,1.298815936592138,0.20293168789684674
2000-01-31,06075012301,06,0667000,Census Tract 123.01,CA,San Francisco County,3134.99992,1254,350.6349487,39.40853882,1043.315796,410.2530212,1843.61230472,0.4000000102073368,0.11184528154629107,0.012570507121416448,0.33279611566943834,0.13086221105868479,0.01192587439683257,1.2988159256197607,0.20293167463677503
2000-01-31,06075980401,06,0667000,Census Tract 9804.01,CA,San Francisco County,0,0,0,0,0,0,0,NA,NA,NA,NA,NA,NA,NA,NA
2000-01-31,06075010500,06,0667000,Census Tract 105,CA,San Francisco County,2217,1670,45,9,405,71,530,0.7532701849345963,0.02029769959404601,0.0040595399188092015,0.18267929634641408,0.032025259359494816,0.007668019846639451,0.735650122885014,0.39993949003660584
2000-01-31,06075010400,06,0667000,Census Tract 104,CA,San Francisco County,4859,3054,39,17,1564,166,1786,0.6285243877341017,0.008026342868903066,0.003498662276188516,0.3218769294093435,0.034163408108664334,0.003910269602798833,0.8306193522191757,0.4848580165978678
2000-01-31,06075010300,06,0667000,Census Tract 103,CA,San Francisco County,4092,2375,33,22,1496,140,1691,0.5804007820136853,0.008064516129032258,0.005376344086021506,0.3655913978494624,0.03421309872922776,0.006353861192570864,0.8660743473178034,0.5153091071376216
2000-01-31,06075010200,06,0667000,Census Tract 102,CA,San Francisco County,4288,3587,43,8,454,162,667,0.8365205223880597,0.010027985074626865,0.0018656716417910447,0.10587686567164178,0.037779850746268655,0.007929104477611859,0.5687093698848498,0.4474753320490436
2000-01-31,06075010100,06,0667000,Census Tract 101,CA,San Francisco County,2879,1657,166,8,796,209,1179,0.5755470649531087,0.05765890934352206,0.0027787426189649182,0.27648489058700937,0.0725946509204585,0.014935741576936445,1.0446745604400545,0.2573375069439908
2000-01-31,06075980300,06,0667000,Census Tract 9803,CA,San Francisco County,137,91,10,0,9,26,45,0.6642335766423357,0.072992700729927,0,0.06569343065693431,0.1897810218978102,0.007299270072992692,0.9570642971172749,0.12936046345119795
2000-01-31,06075061400,06,0667000,Census Tract 614,CA,San Francisco County,5174,2257.584515,1537.285351,56.13595057,624.7190113,652.0527081,2870.19302097,0.43633253092385005,0.2971173851952068,0.010849623225744105,0.12074198131039815,0.1260248759373792,0.008933603407421664,1.2878351088199662,0.06742036379107495
2000-01-31,06075061500,06,0667000,Census Tract 615.00,CA,San Francisco County,5965.219654,3794.519307,560.6227887,51.31016046,1046.86811,410.6245812,2069.42564036,0.63610722271653,0.09398191872516752,0.008601554248818612,0.17549531630373721,0.06883645616044569,0.01697753184530104,1.0405041449855998,0.17785980978426735
2000-01-31,06075061200,06,0667000,Census Tract 612,CA,San Francisco County,3561,197,1753,22,680,894,3349,0.05532153889356922,0.492277450154451,0.006178039876439202,0.19095759618084807,0.2510530749789385,0.004212299915754114,1.2035902427239493,0.4523241831921878
2000-01-31,06075061100,06,0667000,Census Tract 611,CA,San Francisco County,3934,198,70,19,3568,71,3728,0.05033045246568378,0.017793594306049824,0.004829689883070666,0.9069649211997967,0.018047788510421964,0.0020335536349770367,0.4089140608687033,1.7038070578142896
2000-01-31,06075047802,06,0667000,Census Tract 478.02,CA,San Francisco County,3614.000102,1527.37561,63.11853409,13.45909882,1827.652832,149.9065094,2054.13697431,0.42262743964914257,0.017465006172819417,0.0037241556281505605,0.5057146597723035,0.04147938715249101,0.008989351625092956,0.9323114609980815,0.6397865413718166
2000-01-31,06075042602,06,0667000,Census Tract 426.02,CA,San Francisco County,3283.999944,1702.206665,55.64555359,18.24444389,1320.897705,161.9194489,1556.70715138,0.5183333416646367,0.016944444134862627,0.005555555481458924,0.4022222069197453,0.04930555775307893,0.007638894046217537,0.9532819087391904,0.49263044891245955
2000-01-31,06075042601,06,0667000,Census Tract 426.01,CA,San Francisco County,3915.999842,2029.793213,66.35443878,21.7555542,1575.102173,193.0805511,1856.29271708,0.5183333235180452,0.016944443681619535,0.005555555433548968,0.40222222588128487,0.04930555640711898,0.007638895078382446,0.9532819089677997,0.49263047210813204
2000-01-31,06075033203,06,0667000,Census Tract 332.03,CA,San Francisco County,3383.999905,1497.109863,232.6558228,12.12234783,1297.557373,257.3667603,1799.7023039300002,0.44240836437021114,0.06875172261566598,0.0035822541874450794,0.3834389507762117,0.07605400931593702,0.025764698734529135,1.1285276761807095,0.3233680105215776
2000-01-31,06075032901,06,0667000,Census Tract 329.01,CA,San Francisco County,4848.000148,1614.661621,37.85707474,17.20776176,2974.074951,178.3871307,3207.5269182,0.3330572548901663,0.007808802306992009,0.003549455700222887,0.6134642863463873,0.03679602418609497,0.005324176570136618,0.8453642957034043,0.8642787888879337
2000-01-31,06075032802,06,0667000,Census Tract 328.02,CA,San Francisco County,3776.000103,1328.227051,50.29026794,15.04008007,2191.621582,146.6407776,2403.59270761,0.3517550356910041,0.013318396866579747,0.003983071943788027,0.580408242112805,0.038834950635593245,0.01170030275022993,0.8889555626033092,0.7782226116801786
2000-01-31,06075032602,06,0667000,Census Tract 326.02,CA,San Francisco County,4213.999968,1647.402222,61.21440887,19.5886116,2268.85083,173.3592072,2523.01305767,0.3909355089012663,0.014526437905753682,0.004648460310572076,0.5384078897078909,0.0411388724528818,0.01034283072163511,0.9182274732367742,0.6987174113906982
2000-01-31,06075032601,06,0667000,Census Tract 326.01,CA,San Francisco County,4391.000032,1716.597778,63.78559113,20.4113884,2364.14917,180.6407928,2628.98694233,0.3909354965816589,0.014526438320463214,0.004648460089102546,0.5384079145458772,0.04113887303201004,0.010342817430888052,0.9182274661667406,0.6987174628095073
2000-01-31,06075031301,06,0667000,Census Tract 313.01,CA,San Francisco County,3616.999911,573.3568726,1068.208008,14.99548817,1615.102295,322.8440247,3021.1498158699997,0.15851724819132848,0.2953298408306209,0.004145835924517389,0.4465309191985767,0.08925740465687282,0.006218751198083794,1.2505975031959187,0.4940048777295674
2000-01-31,06075031202,06,0667000,Census Tract 312.02,CA,San Francisco County,2846.964602,375.0331726,526.6565552,13.08255196,1502.145386,413.6099243,2455.49441746,0.1317308871127299,0.1849887964290186,0.004595263302820651,0.5276305103845474,0.14528102105991691,0.005773521710966456,1.2215188150043534,0.5772685506428866
2000-01-31,06075025702,06,0667000,Census Tract 257.02,CA,San Francisco County,4364.000127,704.2221069,179.8416748,11.83168888,2419.34375,1001.434143,3612.45125668,0.1613707805696404,0.04121028175212974,0.002711202689201938,0.5543867276793963,0.229476194742558,0.010844812567073592,1.1066026080256885,0.645845123504196
2000-01-31,06075025701,06,0667000,Census Tract 257.01,CA,San Francisco County,4856.999873,783.7778931,200.1583252,13.16831112,2692.65625,1114.565796,4020.54868232,0.16137078723370188,0.04121028009753049,0.0027112026897926174,0.5543867243992411,0.2294761838878887,0.010844821691845197,1.1066026061203722,0.6458451060834536
2000-01-31,06075022704,06,0667000,Census Tract 227.04,CA,San Francisco County,2717,2124.415527,102.7146454,10.86404991,217.2809906,243.9472961,574.80698201,0.7818975071770335,0.03780443334560177,0.003998546157526684,0.07997092035333088,0.08978553408170777,0.006543058884799335,0.7566995383894782,0.28614241420161746
2000-01-31,06075020402,06,0667000,Census Tract 204.02,CA,San Francisco County,4006.320335,3074.562744,125.9774399,32.08859253,434.384491,295.3338928,887.78441623,0.7674280853530401,0.03144467475539497,0.008009492463612499,0.10842480248150203,0.0737169941754046,0.010975950771045961,0.7836986674747906,0.29896763517825825
2000-01-31,06075020401,06,0667000,Census Tract 204.01,CA,San Francisco County,2735.679665,2099.437256,86.02256012,21.91140556,296.615509,201.6660919,606.21556658,0.7674280299919545,0.031444675785898345,0.008009492427177141,0.10842479578105135,0.07371699781962593,0.010976008194292675,0.7836987082485556,0.2989675396010975
2000-01-31,06075017802,06,0667000,Census Tract 178.02,CA,San Francisco County,3375.99993,1251.013916,323.1785889,36.48790359,1397.544678,337.0787354,2094.2899058899998,0.3705610017592625,0.09572825699081103,0.010808028538673579,0.41396466438907775,0.09984559904893127,0.009092449273243819,1.2365679216614012,0.3391789982135623
2000-01-31,06075017801,06,0667000,Census Tract 178.01,CA,San Francisco County,2453.00007,908.986145,234.8214111,26.51209641,1015.455322,244.9212646,1521.7100941100002,0.37056099431746037,0.09572825291439963,0.010808029210533207,0.4139646526793617,0.09984560033053728,0.009092470547707787,1.2365679216510004,0.3391789650877184
2000-01-31,06075017102,06,0667000,Census Tract 171.02,CA,San Francisco County,3651.999951,2818.320313,266.4959412,31.17499542,303.2019653,203.6431274,804.51602932,0.7717197017563707,0.07297260262203109,0.008536417261304613,0.08302354035272548,0.05576208382594253,0.007985654181625557,0.7992406914980702,0.2775929126822693
2000-01-31,06075017101,06,0667000,Census Tract 171.01,CA,San Francisco County,3611.000049,2786.679688,263.5040588,30.82500458,299.7980347,201.3568726,795.48397068,0.7717196483483072,0.07297259906517381,0.008536417657633768,0.0830235476687472,0.05576207971965053,0.007985707540487441,0.7992407299476937,0.27759283595648127
2000-01-31,06075016802,06,0667000,Census Tract 168.02,CA,San Francisco County,3117.999967,1958.907349,519.7518311,37.81871796,275.9744263,294.3727112,1127.91768656,0.6282576554626371,0.1666939822324892,0.012129159191873717,0.08851007992970898,0.09441074865797136,0.009998374525319598,1.0816048522593595,0.11380701297896927
2000-01-31,06075015802,06,0667000,Census Tract 158.02,CA,San Francisco County,2924.000014,1275.393433,943.8847656,24.25673103,463.4312439,190.6493988,1622.22213933,0.43618106254906464,0.3228060058415581,0.008295735606655164,0.15849221671720554,0.06520157246483514,0.009023406820681368,1.2366182840907243,0.145058568452394
2000-01-31,06075015801,06,0667000,Census Tract 158.01,CA,San Francisco County,3947.000191,1721.606689,1274.115356,32.74327087,625.5687866,257.3506165,2189.77802997,0.43618105033935123,0.3228060031274521,0.008295735821006957,0.15849221087610532,0.06520157183848486,0.009023427997599587,1.2366182806258923,0.14505854468616633
2000-01-31,06075013101,06,0667000,Census Tract 131.01,CA,San Francisco County,3616.000182,2934.400635,68.77501678,12.86036873,424.9513245,153.765274,660.35198401,0.8115045595426355,0.01901963863894518,0.0035565177219894282,0.1175197187808106,0.042523580271213605,0.005875985044405785,0.6508152320393564,0.40056765435679015
2000-01-31,06075012902,06,0667000,Census Tract 129.02,CA,San Francisco County,3145.000119,2545.32251,33.62162781,15.98405266,359.9167786,153.7776031,563.3000621699999,0.8093235019683636,0.010690501283888824,0.0050823694929087535,0.1144409427604222,0.04889589738676891,0.011566787107647802,0.6422244839699454,0.40419983774306717
2000-01-31,06075012602,06,0667000,Census Tract 126.02,CA,San Francisco County,2604.000093,2211.41333,15.89420223,8.47690773,258.0158691,88.47772217,370.86470123,0.8492370395625788,0.006103764079243448,0.003255340793876078,0.09908443159951913,0.033977618667466,0.008341805297316651,0.5325225312773125,0.47549631767825296
2000-01-31,06075012601,06,0667000,Census Tract 126.01,CA,San Francisco County,2311.000053,1962.586792,14.10579872,7.523092747,228.9841309,78.52227783,329.135300197,0.8492370173043868,0.00610376391021225,0.0032553407937978957,0.0990844334264496,0.033977618359665174,0.00834182620548829,0.5325225508682739,0.4754962826365994
2000-01-31,06075012501,06,0667000,Census Tract 125.01,CA,San Francisco County,3778.000006,1091.302734,579.3878784,75.29597473,1480.005981,490.8906555,2625.58048963,0.2888572610552823,0.15335835825300417,0.01993011503716763,0.39174324474577565,0.12993400072006245,0.016177020188707814,1.3565715288736393,0.28863875885384005
2000-01-31,06075012402,06,0667000,Census Tract 124.02,CA,San Francisco County,3535.999889,1356.445435,324.3204651,38.00292969,1020.896912,724.2149048,2107.43521159,0.3836101463746398,0.09171959142558671,0.010747435204458514,0.28871519910842397,0.2048119138953966,0.020395713991494313,1.3188245611166554,0.13165372885518425
2000-01-31,06075012401,06,0667000,Census Tract 124.01,CA,San Francisco County,4651.999867,1784.554443,426.6795044,49.9970665,1343.103027,952.7850342,2772.5646321000004,0.3836101663843835,0.0917195865431438,0.010747435066510934,0.2887151903265521,0.20481192206362545,0.020395699615784246,1.3188245556654838,0.13165373443084777
2000-01-31,06075012202,06,0667000,Census Tract 122.02,CA,San Francisco County,2311.9999,900.1517944,170.5654449,26.62004089,731.8868408,428.2211609,1357.2934874899997,0.3893390282586085,0.07377398454904778,0.01151385901444027,0.31656006594117936,0.1852167731062618,0.0235962891304623,1.2874144000166674,0.17661668243390943
2000-01-31,06075012201,06,0667000,Census Tract 122.01,CA,San Francisco County,4723.0001,1838.848267,348.4345398,54.37995911,1495.113159,874.7788086,2772.70646651,0.38933902775060286,0.07377398526838905,0.011513859402628427,0.31656005237010265,0.18521676690203753,0.0235963083062396,1.2874143962495683,0.17661665075554206
2000-01-31,06075011901,06,0667000,Census Tract 119.01,CA,San Francisco County,2449.999981,1483.177612,73.83177185,15.42056084,665.8878174,193.9252319,949.06538199,0.6053786218376301,0.030135417315335887,0.006294106514117561,0.27179094798531755,0.07915315649139183,0.00724774985620702,0.99610534955956,0.304177196712081
2000-01-31,06075023103,06,0667000,Census Tract 231.03,CA,San Francisco County,4649,112,3496,11,734,271,4512,0.02409120240912024,0.7519896751989675,0.0023661002366100236,0.15788341578834159,0.058292105829210586,0.005377500537749991,0.7755296384347361,0.9198924061266632
2000-01-31,06075061000,06,0667000,Census Tract 610,CA,San Francisco County,2400,250,470,6,1358,309,2143,0.10416666666666667,0.19583333333333333,0.0025,0.5658333333333333,0.12875,0.0029166666666666785,1.1560229588807331,0.6865945880923903
2000-01-31,06075060700,06,0667000,Census Tract 607,CA,San Francisco County,653.0036843,353.5493469,73.41461182,8.693836212,164.2169037,45.40114212,291.726493852,0.5414201411114458,0.11242603002875584,0.013313609740685501,0.251479291232538,0.06952662475200065,0.011834303134574231,1.167899017702964,0.1947921859123256
2000-01-31,06075060400,06,0667000,Census Tract 604,CA,San Francisco County,1517.297695,835.6132202,111.9481812,5.997223854,430.8005981,115.9463348,664.692337954,0.5507246356160845,0.0737812899663042,0.003952569013821641,0.2839262193039844,0.07641633885168461,0.011198947248120539,1.0966953802152448,0.23902108360319105
2000-01-31,06075060100,06,0667000,Census Tract 601,CA,San Francisco County,2234,1603,129,23,241,211,604,0.7175470008952551,0.05774395702775291,0.010295434198746643,0.10787824529991047,0.09444941808415398,0.012085944494180767,0.9130384794738978,0.21101645247811227
2000-01-31,06075016200,06,0667000,Census Tract 162,CA,San Francisco County,2502,1444,267,18,363,381,1029,0.5771382893685052,0.10671462829736211,0.007194244604316547,0.145083932853717,0.15227817745803357,0.01159072741806555,1.1581925221515597,0.07242797466626034
2000-01-31,06075047702,06,0667000,Census Tract 477.02,CA,San Francisco County,3946,1580,70,18,2106,152,2346,0.4004054738976178,0.017739483020780537,0.00456158134820071,0.533705017739483,0.03852002027369488,0.005068423720223092,0.9231575904314029,0.6926179936007216
2000-01-31,06075047600,06,0667000,Census Tract 476,CA,San Francisco County,5431,2265,107,26,2782,202,3117,0.41705026698582215,0.01970171239182471,0.00478733198306021,0.5122445221874424,0.03719388694531394,0.009022279506536668,0.9327685890372706,0.6526030071856159
2000-01-31,06075045200,06,0667000,Census Tract 452,CA,San Francisco County,6695,2967,132,28,3229,287,3676,0.4431665421956684,0.019716206123973113,0.004182225541448843,0.4823002240477969,0.042867811799850636,0.007766990291262044,0.947676596348847,0.5985388038022089
2000-01-31,06075045100,06,0667000,Census Tract 451,CA,San Francisco County,5102,2057,156,12,2635,208,3011,0.40317522540180323,0.03057624460995688,0.002352018816150529,0.5164641317130537,0.04076832614660917,0.006664053312426477,0.9588150112559326,0.6333871778344745
2000-01-31,06075042800,06,0667000,Census Tract 428,CA,San Francisco County,2451,1873,18,8,468,76,570,0.7641778865769074,0.0073439412484700125,0.0032639738882088943,0.1909424724602203,0.031007751937984496,0.00326397388820876,0.6841673953303189,0.45162938738660374
2000-01-31,06075042700,06,0667000,Census Tract 427,CA,San Francisco County,5513,2729,88,17,2369,255,2729,0.4950117903138037,0.015962270995828042,0.0030836205332849627,0.42971159078541626,0.04625430799927444,0.009976419372392686,0.9370713282892869,0.5298989411796904
2000-01-31,06075040200,06,0667000,Census Tract 402,CA,San Francisco County,5364,2853,82,22,2127,233,2464,0.5318791946308725,0.015287099179716629,0.004101416853094705,0.3965324384787472,0.04343773303504847,0.008762117822520454,0.9252813776304555,0.5006300026923546
2000-01-31,06075040100,06,0667000,Census Tract 401,CA,San Francisco County,4348,2335,104,23,1630,228,1985,0.5370285188592456,0.02391904323827047,0.0052897884084636615,0.374885004599816,0.05243790248390064,0.0064397424103036505,0.9733001604041054,0.44271906864979915
2000-01-31,06075035300,06,0667000,Census Tract 353,CA,San Francisco County,7082,2377,59,34,4189,363,4645,0.335639649816436,0.008330979949166902,0.0048009036995199095,0.59149957639085,0.051256707144874326,0.008472182999152866,0.8948142731423165,0.7966727458162001
2000-01-31,06075035201,06,0667000,Census Tract 352.01,CA,San Francisco County,5587,1903,163,39,3125,305,3632,0.34061213531412204,0.029174870234472884,0.006980490424199033,0.5593341686056917,0.05459101485591552,0.009307320565598798,0.988337797424947,0.6877597108888116
2000-01-31,06075035100,06,0667000,Census Tract 351,CA,San Francisco County,7756,2839,112,23,4345,354,4834,0.36603919546157815,0.01444043321299639,0.00296544610624033,0.5602114492006188,0.04564208354822073,0.010701392470345628,0.9118336072354244,0.7286926988659457
2000-01-31,06075035202,06,0667000,Census Tract 352.02,CA,San Francisco County,4436,2021,84,30,1938,301,2353,0.4555906221821461,0.018935978358881875,0.006762849413886384,0.4368800721370604,0.06785392245266006,0.013976555455365136,1.011402841146212,0.4933330027214564
2000-01-31,06075033000,06,0667000,Census Tract 330,CA,San Francisco County,7496,3324,121,40,3533,408,4102,0.4434364994663821,0.01614194236926361,0.005336179295624333,0.4713180362860192,0.054429028815368194,0.0093383137673426209,0.9681064772540605,0.5708074880570618
2000-01-31,06075032700,06,0667000,Census Tract 327,CA,San Francisco County,6498,2679,86,24,3340,270,3720,0.41228070175438597,0.013234841489689135,0.003693444136657433,0.5140043090181594,0.04155124653739612,0.015235457063711877,0.9174781389907126,0.6570657331403594
2000-01-31,06075031100,06,0667000,Census Tract 311,CA,San Francisco County,6277.924786,2720.967285,263.9968262,44.99946213,2038.975586,1165.986084,3513.95795833,0.4334182676205131,0.04205160705154074,0.007167888062365837,0.32478496565409476,0.18572794733065157,0.006849324280833957,1.2089302704153013,0.23472274971145976
2000-01-31,06075031000,06,0667000,Census Tract 310,CA,San Francisco County,3556,1739,219,13,1214,337,1783,0.4890326209223847,0.06158605174353206,0.003655793025871766,0.34139482564679413,0.09476940382452194,0.009561304836895435,1.13220040672963,0.28132265157039477
2000-01-31,06075030800,06,0667000,Census Tract 308,CA,San Francisco County,5646,3436,39,25,1712,365,2141,0.6085724406659582,0.006907545164718385,0.004427913567127169,0.30322352107686856,0.06464753808005667,0.012221041445271141,0.8994946542074069,0.40380723815713826
2000-01-31,06075030700,06,0667000,Census Tract 307,CA,San Francisco County,6367,3756,319,25,1702,479,2525,0.5899167582849065,0.050102088895869326,0.003926495994974085,0.2673158473378357,0.07523166326370347,0.013507146222710875,1.030400101492003,0.26123305189697865
2000-01-31,06075030500,06,0667000,Census Tract 305,CA,San Francisco County,3374,1834,397,26,818,265,1506,0.5435684647302904,0.11766449318316538,0.007705986959098993,0.24244220509780676,0.07854179016004742,0.010077059869590954,1.1640056896442461,0.17057820364550014
2000-01-31,06075030400,06,0667000,Census Tract 304,CA,San Francisco County,5177,2802,72,12,2035,223,2342,0.5412401004442727,0.013907668533899941,0.0023179447556499902,0.3930847981456442,0.04307514004249565,0.006374348078037495,0.9082840657903857,0.505267085620661
2000-01-31,06075030302,06,0667000,Census Tract 303.02,CA,San Francisco County,3471,1644,42,16,1618,127,1803,0.4736387208297321,0.012100259291270527,0.004609622587150677,0.4661480841256122,0.0365888792855085,0.006914433880726101,0.9089948997153723,0.6086419848619737
2000-01-31,06075033201,06,0667000,Census Tract 332.01,CA,San Francisco County,3075,1462,230,20,967,345,1562,0.47544715447154473,0.07479674796747968,0.0065040650406504065,0.31447154471544714,0.11219512195121951,0.01658536585365855,1.1894200563942257,0.21527318575602658
2000-01-31,06075030301,06,0667000,Census Tract 303.01,CA,San Francisco County,5886,3016,124,12,2399,287,2822,0.5124023105674482,0.021066938498131158,0.0020387359836901123,0.4075773020727149,0.048759768943255184,0.008154943934760461,0.9496722412229817,0.4894454513017759
2000-01-31,06075030202,06,0667000,Census Tract 302.02,CA,San Francisco County,4454,2565,117,17,1379,304,1817,0.5758868432869331,0.026268522676246072,0.003816793893129771,0.3096093399191738,0.06825325550067356,0.016165244723843952,0.9808817388761172,0.34227781947058095
2000-01-31,06075030102,06,0667000,Census Tract 301.02,CA,San Francisco County,4797,3155,164,21,1161,258,1604,0.6577027308734625,0.03418803418803419,0.004377736085053158,0.24202626641651032,0.05378361475922452,0.007921617677715265,0.9153329241369228,0.3246165013342964
2000-01-31,06075026404,06,0667000,Census Tract 264.04,CA,San Francisco County,2287.677805,91.0550552,564.053242,14.0023077,986.4719253,632.0862092,2196.6136841999996,0.039802394813197924,0.24656148727202432,0.006120751650165178,0.43121103992176907,0.2763003635470424,3.962795801060182e-6,1.2228418536070813,0.578063354926623
2000-01-31,06075026403,06,0667000,Census Tract 264.03,CA,San Francisco County,4111.322314,333.9449463,322.9467773,13.99769306,2862.528076,522.9138184,3722.38636476,0.08122567894101626,0.07855058607307236,0.0034046693474589986,0.6962548439105424,0.12718871897232623,0.013375502755583746,0.9374455845571358,0.9821575512956395
2000-01-31,06075026401,06,0667000,Census Tract 264.01,CA,San Francisco County,3733,227,479,12,2450,549,3490,0.06080900080364318,0.1283150281275114,0.0032145727297080095,0.656308598982052,0.14706670238414143,0.00428609697294402,1.0104781304959067,0.912506367402772
2000-01-31,06075026303,06,0667000,Census Tract 263.03,CA,San Francisco County,4529,616,84,7,2545,1230,3866,0.13601236476043277,0.01854714064914992,0.0015455950540958269,0.5619342018105542,0.271583130933981,0.010377566791786252,1.0331925717773154,0.7290563121873795
2000-01-31,06075026402,06,0667000,Census Tract 264.02,CA,San Francisco County,4109,485,639,9,2130,812,3590,0.11803358481382331,0.1555122900949136,0.0021903139449987834,0.5183743003163787,0.19761499148211242,0.008274519347773124,1.216060107398946,0.5615799161204004
2000-01-31,06075026200,06,0667000,Census Tract 262,CA,San Francisco County,6992,832,194,24,3830,2082,6130,0.11899313501144165,0.027745995423340962,0.003432494279176201,0.5477688787185355,0.29776887871853547,0.004290617848970113,1.0626686071836002,0.716036318320411
2000-01-31,06075026003,06,0667000,Census Tract 260.03,CA,San Francisco County,4826,846,151,21,1856,1914,3942,0.17530045586406962,0.031288852051388316,0.00435142975549109,0.3845835060091173,0.3966017405719022,0.007874015748031482,1.1715945379097439,0.44443834495891255
2000-01-31,06075026301,06,0667000,Census Tract 263.01,CA,San Francisco County,4410,552,48,33,2604,1150,3835,0.1251700680272109,0.010884353741496598,0.007482993197278911,0.5904761904761905,0.26077097505668934,0.0052154195011338,1.0075295516383362,0.8136455723843419
2000-01-31,06075026001,06,0667000,Census Tract 260.01,CA,San Francisco County,5549,755,132,12,2087,2526,4757,0.13606055145071183,0.02378806992250856,0.002162551811137142,0.3761038024869346,0.45521715624436837,0.006667868084339501,1.0996330175585902,0.5214252356584961
2000-01-31,06075025900,06,0667000,Census Tract 259,CA,San Francisco County,4278,923,586,26,1962,739,3313,0.21575502571294997,0.13697989714820008,0.006077606358111267,0.4586255259467041,0.17274427302477793,0.009817671809256634,1.2950419871181864,0.3906249527330802
2000-01-31,06075025800,06,0667000,Census Tract 258,CA,San Francisco County,1871,228,255,8,940,423,1626,0.12185996793158739,0.1362907536076964,0.00427578834847675,0.5024051309460181,0.2260823089257082,0.00908605024051301,1.2334287881758044,0.5318648173575393
2000-01-31,06075025600,06,0667000,Census Tract 256,CA,San Francisco County,5705,899,174,21,3028,1518,4741,0.15758106923751095,0.030499561787905347,0.0036809815950920245,0.5307624890446976,0.2660823838737949,0.011393514460999232,1.1067419426904013,0.6291965338457168
2000-01-31,06075025500,06,0667000,Census Tract 255,CA,San Francisco County,7518.075216,1863.0326,114.003163,32.00053914,3260.024429,2209.01397,5615.042101139999,0.2478071243601136,0.01516387635459911,0.00425648031186178,0.4336248754284876,0.2938270643127867,0.005320579232151235,1.1546684330779584,0.4606760776581324
2000-01-31,06075025401,06,0667000,Census Tract 254.01,CA,San Francisco County,3906,1200,245,24,669,1686,2624,0.30721966205837176,0.06272401433691756,0.006144393241167435,0.17127496159754224,0.43164362519201227,0.020993343573988743,1.232409972311713,0.13704534744029548
2000-01-31,06075026002,06,0667000,Census Tract 260.02,CA,San Francisco County,3680,1079,186,33,1196,1161,2576,0.2932065217391304,0.050543478260869565,0.008967391304347826,0.325,0.3154891304347826,0.006793478260869623,1.2821060176962502,0.2475418778037334
2000-01-31,06075025300,06,0667000,Census Tract 253,CA,San Francisco County,4615,2005,213,36,603,1712,2564,0.4344528710725894,0.046153846153846156,0.007800650054171181,0.13066088840736728,0.37096424702058506,0.009967497291440863,1.175790092826562,0.10974975162471208
2000-01-31,06075025200,06,0667000,Census Tract 252,CA,San Francisco County,5454,2785,260,35,675,1625,2595,0.5106343967730106,0.047671433810047674,0.006417308397506418,0.12376237623762376,0.29794646131279795,0.013568023469013646,1.1400358948017888,0.08823762730275889
2000-01-31,06075023400,06,0667000,Census Tract 234,CA,San Francisco County,3492,132,1647,14,807,886,3354,0.037800687285223365,0.47164948453608246,0.004009163802978236,0.23109965635738833,0.25372279495990835,0.0017182130584192379,1.1869177671799123,0.5000378859982151
2000-01-31,06075023300,06,0667000,Census Tract 233,CA,San Francisco County,2591,129,454,13,1560,430,2457,0.04978772674642995,0.17522192203782325,0.005017367811655731,0.6020841373986877,0.1659590891547665,0.001929756850636788,1.0846501949430831,0.8233401079118998
2000-01-31,06075025402,06,0667000,Census Tract 254.02,CA,San Francisco County,3241,949,263,36,974,996,2269,0.2928108608454181,0.08114779389077445,0.011107682813946312,0.3005245294662141,0.30731255785251466,0.007096575131132488,1.337319191385195,0.18915190101880974
2000-01-31,06075023102,06,0667000,Census Tract 231.02,CA,San Francisco County,3600,135,2665,6,452,321,3444,0.0375,0.7402777777777778,0.0016666666666666668,0.12555555555555556,0.08916666666666667,0.005833333333333357,0.8324797629537454,0.822969457309161
2000-01-31,06075022902,06,0667000,Census Tract 229.02,CA,San Francisco County,2925,608,69,14,320,1895,2298,0.20786324786324786,0.02358974358974359,0.004786324786324786,0.1094017094017094,0.6478632478632479,0.006495726495726495,0.9637830600253645,0.41387305390758655
2000-01-31,06075023001,06,0667000,Census Tract 230.01,CA,San Francisco County,5083,369,1244,20,2696,747,4707,0.07259492425732834,0.2447373598268739,0.003934684241589613,0.5303954357662798,0.14696045642337202,0.0013771394845563112,1.1748323171279387,0.6769692643625377
2000-01-31,06075022803,06,0667000,Census Tract 228.03,CA,San Francisco County,5178,1145,80,22,484,3391,3977,0.22112784859018927,0.01544998068752414,0.004248744689069139,0.09347238315952106,0.6548860563924295,0.010814986481266886,0.9200639675090929,0.42719914085099386
2000-01-31,06075022901,06,0667000,Census Tract 229.01,CA,San Francisco County,4965,921,100,21,331,3564,4016,0.18549848942598188,0.02014098690835851,0.004229607250755287,0.06666666666666667,0.7178247734138973,0.005639476334340365,0.8327959222777381,0.5204154308313097
2000-01-31,06075022801,06,0667000,Census Tract 228.01,CA,San Francisco County,4676,1236,118,24,429,2839,3410,0.2643284858853721,0.02523524379811805,0.0051325919589392645,0.09174508126603935,0.6071428571428571,0.006415739948674171,0.9937330079363259,0.34100595341371415
2000-01-31,06075022702,06,0667000,Census Tract 227.02,CA,San Francisco County,1805,1307,47,12,182,229,470,0.7240997229916898,0.0260387811634349,0.006648199445983379,0.10083102493074793,0.12686980609418283,0.015512465373961115,0.8553545006683331,0.2313130620283926
2000-01-31,06075022600,06,0667000,Census Tract 226,CA,San Francisco County,846,578,102,7,91,60,260,0.6832151300236406,0.12056737588652482,0.008274231678486997,0.10756501182033097,0.07092198581560284,0.009456264775413836,0.9825106860905896,0.17128016724915993
2000-01-31,06075021800,06,0667000,Census Tract 218,CA,San Francisco County,3914,2646,134,31,384,674,1223,0.6760347470618293,0.0342360756259581,0.007920286152273888,0.09810935104752172,0.17220235053653551,0.011497189575881417,0.9492210117401675,0.17429694313459732
2000-01-31,06075021700,06,0667000,Census Tract 217,CA,San Francisco County,4139,2244,554,28,817,467,1866,0.5421599420149794,0.13384875573810098,0.0067649190625755015,0.19739067407586375,0.11282918579366998,0.007006523314810442,1.2013406344929758,0.10207454987163919
2000-01-31,06075021500,06,0667000,Census Tract 215,CA,San Francisco County,5195,3298,112,25,530,1182,1849,0.6348411934552455,0.021559191530317615,0.004812319538017324,0.10202117420596728,0.2275264677574591,0.009239653512993273,0.9665836472619237,0.16932233845565492
2000-01-31,06075021400,06,0667000,Census Tract 214,CA,San Francisco County,3285,2463,72,23,297,386,778,0.7497716894977169,0.021917808219178082,0.007001522070015221,0.09041095890410959,0.11750380517503806,0.013394216133942205,0.8033009726524519,0.2643682900608145
2000-01-31,06075021200,06,0667000,Census Tract 212,CA,San Francisco County,2882,2327,52,16,223,212,503,0.8074253990284525,0.018043025676613464,0.005551700208188758,0.07737682165163082,0.07356002775850104,0.018043025676613533,0.6639670209822055,0.34840710960780213
2000-01-31,06075021100,06,0667000,Census Tract 211,CA,San Francisco County,3833,3045,71,17,331,334,753,0.7944169058178973,0.01852334985650926,0.004435168275502218,0.08635533524654318,0.08713801200104357,0.00913122880250461,0.7048960609845972,0.32959412075420014
2000-01-31,06075020900,06,0667000,Census Tract 209,CA,San Francisco County,5092,1337,100,27,644,2944,3715,0.2625687352710134,0.019638648860958365,0.0053024351924587584,0.12647289866457187,0.5781618224666143,0.00785545954438338,1.034372710808623,0.3266700774843792
2000-01-31,06075020800,06,0667000,Census Tract 208,CA,San Francisco County,7371,1726,203,62,1145,4193,5603,0.2341609008275675,0.027540360873694207,0.008411341744675078,0.155338488671822,0.5688509021842355,0.005698005698005715,1.0892341611840863,0.3285554378570161
2000-01-31,06075020600,06,0667000,Census Tract 206,CA,San Francisco County,4836,3753,143,48,401,439,1031,0.7760545905707196,0.02956989247311828,0.009925558312655087,0.08291976840363938,0.09077750206782464,0.010752688172043112,0.7709204488098246,0.29427722699611386
2000-01-31,06075020500,06,0667000,Census Tract 205,CA,San Francisco County,2551,2052,67,36,188,176,467,0.804390435123481,0.026264210113680908,0.014112112896903175,0.07369658957271658,0.06899255194041552,0.012544100352802845,0.7074648946563812,0.3490608572645851
2000-01-31,06075020200,06,0667000,Census Tract 202,CA,San Francisco County,6188,2990,483,58,786,1811,3138,0.4831932773109244,0.07805429864253394,0.009372979961215255,0.12702003878474466,0.2926632191338074,0.009696186166774368,1.215981380148996,0.055333046535892605
2000-01-31,06075018000,06,0667000,Census Tract 180,CA,San Francisco County,2285,857,695,34,263,421,1413,0.375054704595186,0.3041575492341357,0.01487964989059081,0.1150984682713348,0.18424507658643327,0.006564551422319487,1.352918660117917,0.05293102156921958
2000-01-31,06075017902,06,0667000,Census Tract 179.02,CA,San Francisco County,1453,898,185,16,200,148,549,0.6180316586373021,0.12732278045423262,0.011011699931176875,0.13764624913971094,0.1018582243633861,0.004129387474191337,1.115095799606883,0.11891279503948543
2000-01-31,06075017700,06,0667000,Census Tract 177,CA,San Francisco County,1777,621,50,11,361,719,1141,0.34946539110861,0.028137310073157007,0.0061902082160945416,0.20315137872819358,0.40461451885199773,0.008441193021947124,1.1892422745616282,0.1917437677836575
2000-01-31,06075020100,06,0667000,Census Tract 201,CA,San Francisco County,6340,1436,358,87,1124,3290,4859,0.22649842271293374,0.056466876971608834,0.013722397476340693,0.17728706624605678,0.5189274447949527,0.007097791798107211,1.2046129959763017,0.26276162374292567
2000-01-31,06075017601,06,0667000,Census Tract 176.01,CA,San Francisco County,5774.776651,1774.419684,966.876394,103.3746744,2198.35816,665.4430501,3934.0522785000003,0.30727070348127306,0.16743095922724024,0.017901068846030422,0.3806828026187502,0.1152326904253115,0.011481775401394612,1.3504857352867634,0.27744726815636767
2000-01-31,06075017000,06,0667000,Census Tract 170,CA,San Francisco County,3775,3129,80,15,293,234,622,0.8288741721854305,0.02119205298013245,0.0039735099337748344,0.0776158940397351,0.061986754966887415,0.006357615894039603,0.6299715467039267,0.38136583803946866
2000-01-31,06075016700,06,0667000,Census Tract 167,CA,San Francisco County,4701,3295,555,36,387,392,1370,0.7009146990002127,0.11805998723675813,0.007657945118059987,0.08232291001914487,0.08338651350776431,0.007657945118060061,0.9513590676999296,0.1716979638381857
2000-01-31,06075016600,06,0667000,Census Tract 166,CA,San Francisco County,5045,3835,388,60,386,314,1148,0.7601585728444004,0.07690782953419227,0.011892963330029732,0.07651139742319128,0.0622398414271556,0.012289395441030804,0.8279277341837821,0.25898154154618697
2000-01-31,06075031400,06,0667000,Census Tract 314,CA,San Francisco County,6112.035356,585.0046575,1877.00654,32.00016247,2385.018655,1181.005137,5475.03049447,0.09571355913799134,0.307100078889007,0.005235598390082349,0.39021676349740014,0.1932261625156738,0.008507837569845411,1.2994952774654345,0.4380535396991977
2000-01-31,06075030900,06,0667000,Census Tract 309,CA,San Francisco County,6771,3762,340,22,2153,433,2948,0.5556047851129818,0.050214148574804315,0.003249150790134397,0.31797371141633435,0.06394919509673608,0.009009009009008917,1.0355259072957885,0.31909810866590776
2000-01-31,06075030600,06,0667000,Census Tract 306,CA,San Francisco County,2132,1407,24,7,537,143,711,0.6599437148217636,0.01125703564727955,0.003283302063789869,0.2518761726078799,0.06707317073170732,0.0065666041275795894,0.8720787176477846,0.36602251193665913
2000-01-31,06075030101,06,0667000,Census Tract 301.01,CA,San Francisco County,4475,2867,146,17,1145,262,1570,0.6406703910614525,0.032625698324022345,0.003798882681564246,0.2558659217877095,0.05854748603351955,0.008491620111731768,0.9330142470072817,0.3237518668754649
2000-01-31,06075030201,06,0667000,Census Tract 302.01,CA,San Francisco County,3980,2244,83,24,1312,257,1676,0.563819095477387,0.02085427135678392,0.006030150753768844,0.32964824120603015,0.06457286432160804,0.015075376884421954,0.9773581645032303,0.3779051675865145
2000-01-31,06075026302,06,0667000,Census Tract 263.02,CA,San Francisco County,4354.83361,882.9662476,119.9954147,16.99934959,2192.91626,1066.959229,3396.87025329,0.20275544984599309,0.027554534902195726,0.00390355892150837,0.5035591382789939,0.24500573949598045,0.017221578555328465,1.1342240574292337,0.547323188519744
2000-01-31,06075026100,06,0667000,Census Tract 261,CA,San Francisco County,5995,925,104,25,3464,1445,5038,0.1542952460383653,0.017347789824854045,0.004170141784820684,0.5778148457047539,0.24103419516263552,0.005337781484570536,1.0414248725559452,0.7413778077611126
2000-01-31,06075026004,06,0667000,Census Tract 260.04,CA,San Francisco County,4010,670,99,17,1687,1493,3296,0.16708229426433915,0.024688279301745636,0.004239401496259352,0.42069825436408975,0.37231920199501245,0.010972568578553665,1.145608153421681,0.49761963987808183
2000-01-31,06075025403,06,0667000,Census Tract 254.03,CA,San Francisco County,4487,1038,588,24,1220,1568,3400,0.23133496768442166,0.1310452418096724,0.005348785379986628,0.27189659014932027,0.3494539781591264,0.010920436817472678,1.3544494358873442,0.16571584866337194
2000-01-31,06075025100,06,0667000,Census Tract 251,CA,San Francisco County,3249.090679,1634.033579,257.0337558,26.00064397,558.0044513,737.0185253,1578.05737637,0.5029202753746843,0.07910944359334085,0.008002437155125027,0.17174172912642185,0.22683839822126428,0.011387716529163705,1.2240864180116429,0.06488805483566448
2000-01-31,06075023200,06,0667000,Census Tract 232,CA,San Francisco County,4490,187,2651,39,572,1011,4273,0.041648106904231624,0.5904231625835189,0.00868596881959911,0.12739420935412027,0.22516703786191536,0.006681514476614692,1.0829019978088834,0.5613558312962864
2000-01-31,06075022903,06,0667000,Census Tract 229.03,CA,San Francisco County,3942.025013,927.0125797,117.0019786,25.00020017,483.0042959,2345.005674,2970.01214867,0.2351615163888865,0.02968067889324679,0.006341968934127613,0.1225269485371477,0.5948733623624016,0.011415524884189843,1.043098093669975,0.33161434545986573
2000-01-31,06075022802,06,0667000,Census Tract 228.02,CA,San Francisco County,1762,613,114,13,317,689,1133,0.347900113507378,0.06469920544835414,0.0073779795686719635,0.17990919409761635,0.3910329171396141,0.009080590238365494,1.256458469694583,0.12007176774594311
2000-01-31,06075021600,06,0667000,Census Tract 216,CA,San Francisco County,3880,2463,296,16,721,341,1374,0.6347938144329897,0.07628865979381444,0.004123711340206186,0.18582474226804124,0.08788659793814432,0.011082474226804195,1.0338854236107944,0.17845151452647906
2000-01-31,06075021300,06,0667000,Census Tract 213,CA,San Francisco County,2402,1884,51,17,240,188,496,0.7843463780183181,0.021232306411323898,0.007077435470441299,0.09991673605328892,0.07826810990840966,0.00915903413821817,0.7368993655596258,0.32570888528706765
2000-01-31,06075021000,06,0667000,Census Tract 210,CA,San Francisco County,4559,2573,162,29,468,1276,1935,0.5643781531037508,0.035534108357095855,0.006361044088615924,0.10265409080938802,0.27988593989910066,0.011186663742048797,1.063679692650167,0.11832121347654671
2000-01-31,06075020700,06,0667000,Census Tract 207,CA,San Francisco County,5427,3448,166,51,536,1189,1942,0.6353418094711627,0.03058780173208034,0.009397457158651189,0.09876543209876543,0.21908973650267183,0.006817763036668589,0.9999922815877168,0.15783610703863088
2000-01-31,06075020300,06,0667000,Census Tract 203,CA,San Francisco County,3145,2109,132,24,328,510,994,0.6705882352941176,0.04197138314785374,0.007631160572337043,0.10429252782193958,0.16216216216216217,0.013354531001589898,0.9690120988294515,0.16066944483496948
2000-01-31,06075016900,06,0667000,Census Tract 169,CA,San Francisco County,2995,2299,148,28,239,249,664,0.7676126878130217,0.04941569282136895,0.009348914858096828,0.07979966611018365,0.08313856427378966,0.010684474123539234,0.8038488378612432,0.2661988428037969
2000-01-31,06075010600,06,0667000,Census Tract 106,CA,San Francisco County,4279,1377,51,11,2680,131,2873,0.32180415985043237,0.01191867258705305,0.002570694087403599,0.6263145594765132,0.03061462958635195,0.006777284412245899,0.8327767930404072,0.8883155480383079
2000-01-31,06075011700,06,0667000,Census Tract 117,CA,San Francisco County,1747,527,87,15,953,144,1199,0.3016599885518031,0.04979965655409273,0.008586147681740127,0.5455065827132227,0.0824270177447052,0.012020606754436058,1.0880855744414442,0.6062150228356423
2000-01-31,06075011902,06,0667000,Census Tract 119.02,CA,San Francisco County,2792.999863,1690.822388,84.16822052,17.57943916,759.1121216,221.0747528,1081.93453408,0.6053786147285608,0.03013541877857228,0.006294106703291306,0.27179096270510633,0.0791531556190413,0.007247741465427948,0.996105360647012,0.3041772141667004
2000-01-31,06075012100,06,0667000,Census Tract 121,CA,San Francisco County,3462,1944,134,35,1042,257,1468,0.561525129982669,0.03870595031773541,0.010109763142692086,0.30098209127671866,0.07423454650491046,0.014442518775274471,1.0508042012241587,0.30503709372238597
2000-01-31,06075012502,06,0667000,Census Tract 125.02,CA,San Francisco County,3930.000072,1135.208984,602.6983643,78.32535553,1539.550903,510.640625,2731.21524783,0.2888572425451091,0.15335835960768399,0.019930115545809587,0.39174322513854654,0.12993399889179444,0.01617705827105631,1.3565715263953422,0.28863870525350044
2000-01-31,06075012901,06,0667000,Census Tract 129.01,CA,San Francisco County,2561.000051,2072.67749,27.3783741,13.0159483,293.083252,125.2223969,458.6999713,0.8093234864211254,0.01069050119280923,0.005082369402889169,0.11444093954061386,0.04889589785486498,0.011566805587697404,0.6422244927052134,0.40419980884473433
2000-01-31,06075013102,06,0667000,Census Tract 131.02,CA,San Francisco County,2851.000011,2313.599609,54.22498703,10.13963223,335.0487061,121.2347336,520.64805896,0.8115045949047525,0.019019637608131877,0.0035565177800344805,0.11751971406779486,0.04252358229822539,0.005875953341060947,0.6508152002742876,0.4005677070159045
2000-01-31,06075013300,06,0667000,Census Tract 133,CA,San Francisco County,4145,3553,49,17,394,109,569,0.8571773220747889,0.011821471652593486,0.004101326899879373,0.09505428226779251,0.026296743063932447,0.005548854041013129,0.5264721223101567,0.48285474033550196
2000-01-31,06075015100,06,0667000,Census Tract 151,CA,San Francisco County,2420,1615,68,9,570,129,776,0.6673553719008265,0.02809917355371901,0.00371900826446281,0.23553719008264462,0.05330578512396694,0.011983471074380025,0.8879133301738766,0.3316119957413494
2000-01-31,06075016000,06,0667000,Census Tract 160,CA,San Francisco County,2026,1220,106,9,487,159,761,0.6021717670286278,0.05231984205330701,0.004442250740375123,0.2403751233958539,0.07847976307996052,0.02221125370187571,1.0262464784365457,0.22763150277334956
2000-01-31,06075016400,06,0667000,Census Tract 164,CA,San Francisco County,3791,2341,688,34,343,335,1400,0.6175151675019783,0.18148245845423372,0.008968609865470852,0.09047744658401477,0.0883671854391981,0.0131891321551042,1.0814570878069063,0.1075596160243036
2000-01-31,06075016801,06,0667000,Census Tract 168.01,CA,San Francisco County,2983.000033,1874.092651,497.2481689,36.18128204,264.0255737,281.6272888,1079.08231344,0.6282576702204147,0.16669398705970448,0.012129159114897,0.08851008071711947,0.09441075617983408,0.009998346708030348,1.0816048592718794,0.11380703804380311
2000-01-31,06075023003,06,0667000,Census Tract 230.03,CA,San Francisco County,4028,268,1557,10,1522,655,3744,0.06653426017874876,0.3865441906653426,0.0024826216484607746,0.37785501489572987,0.16261171797418073,0.003972194637537285,1.2257277106079134,0.5328835008865648
2000-01-31,06075031201,06,0667000,Census Tract 312.01,CA,San Francisco County,5639.999988,742.9621582,1043.336914,25.91728592,2975.835938,819.3849487,4864.47508662,0.13173087939375364,0.18498881493260033,0.004595263470770065,0.527630486583611,0.1452810195821582,0.005773536037106841,1.2215188277441864,0.5772685084719432
2000-01-31,06075031302,06,0667000,Census Tract 313.02,CA,San Francisco County,4583.999844,726.6430664,1353.79187,19.00451088,2046.897583,409.1559448,3828.8499086799998,0.15851725373662556,0.29532982462291724,0.004145835847894938,0.44653090153988234,0.08925740809863779,0.006218776154042094,1.2505975122562982,0.49400481233386195
2000-01-31,06075032801,06,0667000,Census Tract 328.01,CA,San Francisco County,4258.000137,1497.773071,56.70973587,16.95992088,2471.378418,165.3592224,2710.4072971499995,0.35175505467580026,0.013318396910610528,0.003983071943240757,0.5804082523447791,0.0388349499952118,0.011700274130357569,0.8889555574924615,0.7782226544106132
2000-01-31,06075032902,06,0667000,Census Tract 329.02,CA,San Francisco County,3604.000104,1200.338379,28.14292526,12.79223919,2210.925293,132.6128693,2384.4733267499996,0.33305725426249877,0.007808802566005696,0.0035494558326461135,0.6134642700332175,0.03679602260633009,0.0053241946993018985,0.8453643019582274,0.8642787452986569
2000-01-31,06075033100,06,0667000,Census Tract 331,CA,San Francisco County,3739,1858,27,13,1647,166,1853,0.4969243113131853,0.007221182134260497,0.0034768654720513507,0.4404921101898903,0.04439689756619417,0.007488633324418292,0.9022193594396102,0.5752666624523325
2000-01-31,06075033204,06,0667000,Census Tract 332.04,CA,San Francisco County,3873.999879,1713.890015,266.3441772,13.87765217,1485.442505,294.6332092,2060.29754357,0.44240838113872333,0.06875172574056758,0.003582254156802466,0.3834389652545469,0.07605400578279162,0.025764667926568063,1.1285276720175037,0.32336806063663753
2000-01-31,06075035400,06,0667000,Census Tract 354,CA,San Francisco County,6726,2325,124,34,3810,373,4341,0.3456735057983943,0.018435920309247695,0.005055010407374368,0.5664585191793042,0.05545643770443057,0.008920606601248937,0.9498823368471876,0.7189602146138016
2000-01-31,06075047701,06,0667000,Census Tract 477.01,CA,San Francisco County,4618,1910,73,13,2308,258,2652,0.4135989605889996,0.01580770896491988,0.00281507145950628,0.4997834560415764,0.05586834127327848,0.01212646167171938,0.9550468476561232,0.608585326510259
2000-01-31,06075047801,06,0667000,Census Tract 478.01,CA,San Francisco County,4172.999898,1763.62439,72.88146973,15.54090118,2110.347168,173.0934906,2371.86302951,0.42262747019122976,0.017465006353086666,0.003724155657767524,0.5057146464373098,0.04147939008648401,0.00898933127412227,0.9323114680932412,0.6397865352859629
2000-01-31,06075047901,06,0667000,Census Tract 479.01,CA,San Francisco County,6540,2846,215,30,3074,267,3586,0.43516819571865445,0.03287461773700306,0.0045871559633027525,0.47003058103975537,0.0408256880733945,0.016513761467889854,0.9844697196795085,0.5491289081698725
2000-01-31,06075047902,06,0667000,Census Tract 479.02,CA,San Francisco County,3539,1716,54,21,1576,147,1798,0.48488273523594233,0.015258547612319864,0.00593387962701328,0.4453235377225205,0.041537157389092964,0.007064142413111152,0.9376085705651656,0.5632311748148029
2000-01-31,06075060502,06,0667000,Census Tract 605.02,CA,San Francisco County,3416,99,1605,14,1047,645,3311,0.028981264637002343,0.469847775175644,0.004098360655737705,0.3064988290398126,0.18881733021077282,0.0017564402810305024,1.157254332337465,0.5952938760434965
2000-01-31,06075980600,06,0667000,Census Tract 9806,CA,San Francisco County,530,28,316,2,117,67,502,0.052830188679245285,0.5962264150943396,0.0037735849056603774,0.22075471698113208,0.12641509433962264,1.1102230246251565e-16,1.0796858442631072,0.624212915237769
2000-01-31,06075980900,06,0667000,Census Tract 9809,CA,San Francisco County,410.8843473,163.9538574,126.9642639,2.99915576,30.99127769,85.97579956,246.93049691,0.3990267784046102,0.30900243519692727,0.007299269927676799,0.07542579291143515,0.20924574062011245,-1.7060761914322597e-8,1.2876609484929011,0.05179703605348601
